<?xml version="1.0" encoding="UTF-8"?>
<MF0 version="1.1" packageUris="http://schema.mathworks.com/mf0/sl_modelref_info/R2018b">
  <ModelRefInfoRepo.ModelRefInfoRoot type="ModelRefInfoRepo.ModelRefInfoRoot" uuid="5b746259-e666-4c01-a074-a42ab4d07260">
    <autoSolverStatusFlags>323</autoSolverStatusFlags>
    <childModelRefInfo type="ModelRefInfoRepo.ChildModelRefInfo" uuid="62caac74-2741-4897-aa25-84c300287e1f">
      <modelName>modeloSimulink</modelName>
      <modelPath>modeloSimulink</modelPath>
    </childModelRefInfo>
    <dataTransferInfos>AAFJTQAAAAAOAAAAOAAAAAYAAAAIAAAAAgAAAAAAAAAFAAAACAAAAAAAAAABAAAAAQAAAAAAAAAFAAQAAQAAAAEAAAAAAAAA</dataTransferInfos>
    <hasBwsAccessed>true</hasBwsAccessed>
    <hasBwsAccessedByAnyModel>true</hasBwsAccessedByAnyModel>
    <hasContinuousSampleTime>true</hasContinuousSampleTime>
    <hasVariantModelOrSubsystem>true</hasVariantModelOrSubsystem>
    <loggingSaveFormat>2</loggingSaveFormat>
    <massMatrixNzMax>7</massMatrixNzMax>
    <maxFreqHz>-1</maxFreqHz>
    <needAbsoluteTimeForNonLoggingPurpose>true</needAbsoluteTimeForNonLoggingPurpose>
    <numContinuousStates>7</numContinuousStates>
    <runtimeNonFcnCallRateInfos type="ModelRefInfoRepo.RateInfo">
      <compiled>true</compiled>
      <period>0</period>
      <rateIdx>0</rateIdx>
    </runtimeNonFcnCallRateInfos>
    <runtimeNonFcnCallRateInfos type="ModelRefInfoRepo.RateInfo">
      <compiled>true</compiled>
      <nonFcnCallPartitionName>Cont</nonFcnCallPartitionName>
      <period>0.040000000000000001</period>
      <rateIdx>1</rateIdx>
    </runtimeNonFcnCallRateInfos>
    <sampleTimeInheritanceRule>2</sampleTimeInheritanceRule>
    <timingAndTaskingRegistry>&lt;?xml version=&quot;1.0&quot;?&gt;
&lt;MF0 version=&quot;1.1&quot; packageUris=&quot;http://schema.mathworks.com/mf0/slexec_mm_sto/R2018b&quot;&gt;
  &lt;sto.Registry type=&quot;sto.Registry&quot; uuid=&quot;ad1fcdb7-1f69-44ae-acac-a03d3dfa4eae&quot;&gt;
    &lt;clocks type=&quot;sto.Clock&quot; uuid=&quot;11d08a6b-0fcf-43da-aa1d-97208086199e&quot;&gt;
      &lt;clockTickConstraint&gt;PeriodicWithFixedResolution&lt;/clockTickConstraint&gt;
      &lt;needsToProvideTimeDuringExecution&gt;true&lt;/needsToProvideTimeDuringExecution&gt;
      &lt;resolution&gt;0.040000000000000001&lt;/resolution&gt;
      &lt;specifiedClockTickConstraint&gt;PeriodicWithFixedResolution&lt;/specifiedClockTickConstraint&gt;
      &lt;clockDomain type=&quot;sto.ClockDomain&quot; uuid=&quot;c5522b80-df5a-4035-840e-2122b73a4131&quot;&gt;
        &lt;baseTaskID&gt;_task0&lt;/baseTaskID&gt;
        &lt;computedFundamentalStepSize&gt;0.040000000000000001&lt;/computedFundamentalStepSize&gt;
        &lt;rates type=&quot;sto.Rate&quot; uuid=&quot;8429be1d-d41f-4833-b2e4-6184d4a3506f&quot;/&gt;
        &lt;rates type=&quot;sto.Rate&quot; uuid=&quot;0d661585-d082-40e4-9b6c-9e5a53390aef&quot;/&gt;
        &lt;rates type=&quot;sto.Rate&quot; uuid=&quot;3a7bfd59-2275-49fb-837a-6382d2823706&quot;/&gt;
        &lt;rootTaskHierarchyElements type=&quot;sto.Task&quot; uuid=&quot;6a90ad1a-93fa-4ee5-8ad4-f52608e3bd06&quot;&gt;
          &lt;isExecutable&gt;true&lt;/isExecutable&gt;
          &lt;orderIndex&gt;1&lt;/orderIndex&gt;
          &lt;rates type=&quot;sto.Rate&quot; uuid=&quot;8429be1d-d41f-4833-b2e4-6184d4a3506f&quot;&gt;
            &lt;annotation&gt;Cont&lt;/annotation&gt;
            &lt;description&gt;Continuous&lt;/description&gt;
            &lt;eventSourceType&gt;UNSPECIFIED_EVENT_SOURCE&lt;/eventSourceType&gt;
            &lt;registry type=&quot;sto.Registry&quot; uuid=&quot;ad1fcdb7-1f69-44ae-acac-a03d3dfa4eae&quot;/&gt;
            &lt;taskId&gt;_task0&lt;/taskId&gt;
            &lt;rateSpec type=&quot;sto.RateSpec&quot; uuid=&quot;53c855fd-45f7-486c-9909-9ea350050d0b&quot;/&gt;
          &lt;/rates&gt;
          &lt;rates type=&quot;sto.Rate&quot; uuid=&quot;0d661585-d082-40e4-9b6c-9e5a53390aef&quot;&gt;
            &lt;annotation&gt;FiM&lt;/annotation&gt;
            &lt;colorIndex&gt;8&lt;/colorIndex&gt;
            &lt;description&gt;Fixed in Minor Step&lt;/description&gt;
            &lt;eventSourceType&gt;UNSPECIFIED_EVENT_SOURCE&lt;/eventSourceType&gt;
            &lt;rateIDX&gt;-1&lt;/rateIDX&gt;
            &lt;registry type=&quot;sto.Registry&quot; uuid=&quot;ad1fcdb7-1f69-44ae-acac-a03d3dfa4eae&quot;/&gt;
            &lt;taskId&gt;_task0&lt;/taskId&gt;
            &lt;useForExecution&gt;NotForExecution&lt;/useForExecution&gt;
            &lt;rateSpec type=&quot;sto.RateSpec&quot; uuid=&quot;cc47ef3c-0d0d-4346-b8b8-ec4b65345aa6&quot;&gt;
              &lt;offset&gt;1&lt;/offset&gt;
              &lt;rateType&gt;ZOHContinuous&lt;/rateType&gt;
            &lt;/rateSpec&gt;
          &lt;/rates&gt;
          &lt;rates type=&quot;sto.Rate&quot; uuid=&quot;3a7bfd59-2275-49fb-837a-6382d2823706&quot;&gt;
            &lt;annotation&gt;D1&lt;/annotation&gt;
            &lt;colorIndex&gt;2&lt;/colorIndex&gt;
            &lt;description&gt;Discrete 1&lt;/description&gt;
            &lt;eventSourceType&gt;UNSPECIFIED_EVENT_SOURCE&lt;/eventSourceType&gt;
            &lt;rateIDX&gt;1&lt;/rateIDX&gt;
            &lt;registry type=&quot;sto.Registry&quot; uuid=&quot;ad1fcdb7-1f69-44ae-acac-a03d3dfa4eae&quot;/&gt;
            &lt;taskId&gt;_task0&lt;/taskId&gt;
            &lt;rateSpec type=&quot;sto.RateSpec&quot; uuid=&quot;d1219a1e-be47-4216-9d22-5bdd24dc813d&quot;&gt;
              &lt;period&gt;0.040000000000000001&lt;/period&gt;
              &lt;rateType&gt;ClassicPeriodicDiscrete&lt;/rateType&gt;
            &lt;/rateSpec&gt;
          &lt;/rates&gt;
          &lt;elementType&gt;Task&lt;/elementType&gt;
          &lt;identifier&gt;_task0&lt;/identifier&gt;
          &lt;priority&gt;40&lt;/priority&gt;
        &lt;/rootTaskHierarchyElements&gt;
      &lt;/clockDomain&gt;
    &lt;/clocks&gt;
    &lt;executionSpec&gt;Undetermined&lt;/executionSpec&gt;
    &lt;taskDependencyGraph type=&quot;sto.SerializedTaskConnectionList&quot; uuid=&quot;60552a07-806c-48a4-9fac-1a95b332d671&quot;&gt;
      &lt;taskIdentifier&gt;_task0&lt;/taskIdentifier&gt;
    &lt;/taskDependencyGraph&gt;
    &lt;taskPriorityDirection&gt;HighNumberLast&lt;/taskPriorityDirection&gt;
    &lt;tasks type=&quot;sto.Task&quot; uuid=&quot;6a90ad1a-93fa-4ee5-8ad4-f52608e3bd06&quot;/&gt;
  &lt;/sto.Registry&gt;
&lt;/MF0&gt;</timingAndTaskingRegistry>
    <FMUBlockMap type="ModelRefInfoRepo.FMUBlockInfo" uuid="3577f374-4728-4c09-a485-461a73bdf0db"/>
    <codeGenInfo type="ModelRefInfoRepo.CodeGenInformation" uuid="c04e8f0d-b05a-41d3-9379-8831627b785d"/>
    <configSettingsForConsistencyChecks type="ModelRefInfoRepo.ConfigSettingsForConsistencyChecks" uuid="c8844e85-2cda-43fc-9f87-030b176b07d3">
      <consistentOutportInitialization>true</consistentOutportInitialization>
      <fixedStepSize>0.040000000000000001</fixedStepSize>
      <frameDiagnosticSetting>2</frameDiagnosticSetting>
      <hasHybridSampleTime>true</hasHybridSampleTime>
      <signalLoggingSaveFormat>2</signalLoggingSaveFormat>
      <solverName>ode4</solverName>
      <solverType>SOLVER_TYPE_FIXEDSTEP</solverType>
      <hardwareSettings type="ModelRefInfoRepo.HardwareSettings" uuid="6188992e-3a9b-4fed-bbd2-289c7b4fa07a">
        <prodBitPerChar>8</prodBitPerChar>
        <prodBitPerDouble>64</prodBitPerDouble>
        <prodBitPerFloat>32</prodBitPerFloat>
        <prodBitPerInt>32</prodBitPerInt>
        <prodBitPerLong>32</prodBitPerLong>
        <prodBitPerLongLong>64</prodBitPerLongLong>
        <prodBitPerPointer>64</prodBitPerPointer>
        <prodBitPerPtrDiffT>64</prodBitPerPtrDiffT>
        <prodBitPerShort>16</prodBitPerShort>
        <prodBitPerSizeT>64</prodBitPerSizeT>
        <prodEndianess>1</prodEndianess>
        <prodShiftRight>true</prodShiftRight>
        <prodWordSize>64</prodWordSize>
      </hardwareSettings>
    </configSettingsForConsistencyChecks>
    <dataPortGroup type="ModelRefInfoRepo.DataPortGroup" uuid="df62d287-4b3e-4af2-bd03-ce6354583db2"/>
    <interfaceParameterInfo type="ModelRefInfoRepo.InterfaceParameterInfo" uuid="62165d86-5370-49fa-8147-006879500d6f"/>
    <methodInfo type="ModelRefInfoRepo.MethodExistenceInfo" uuid="b230c691-6c01-4b1b-b986-1259530e18c8">
      <hasDerivMethod>true</hasDerivMethod>
      <hasForcingFunctionMethod>true</hasForcingFunctionMethod>
      <hasSystemInitializeMethod>true</hasSystemInitializeMethod>
      <hasSystemResetMethod>true</hasSystemResetMethod>
      <hasTerminateMethod>true</hasTerminateMethod>
      <hasUpdateMethod>true</hasUpdateMethod>
    </methodInfo>
    <periodicEventPortUnsupportedBlockInfo type="ModelRefInfoRepo.PeriodicEventPortUnsupportedBlockInfo" uuid="b907c8f0-2e92-4aca-aa71-5c3153a1452b"/>
    <portGroupsRequireSameRate type="ModelRefInfoRepo.PortGroupsRequireSameRate" uuid="db84dcec-be8a-42db-ad55-627964a1b187">
      <DSMPortGroups type="ModelRefInfoRepo.NameToPortGroupIdxVectMap" uuid="2e6a9bd5-7fc1-4da6-ab6f-bdcd123b759d"/>
      <GlobalDSMPortGroups type="ModelRefInfoRepo.NameToPortGroupIdxVectMap" uuid="5919c5e9-ba99-40a8-a7cb-8a241323fa4c"/>
      <mergedPortGroups type="ModelRefInfoRepo.NameToPortGroupIdxVectMap" uuid="c797ec3d-c53b-4d32-bd73-2d0ef44a5a1c"/>
    </portGroupsRequireSameRate>
    <rateSpecOfGlobalDSMAccessedByDescExpFcnMdlMap type="ModelRefInfoRepo.GlobalDSMRateSpecMap" uuid="f4c5a136-83f3-4438-8b60-c8a6ee2f802c"/>
    <simulinkFunctions type="ModelRefInfoRepo.SimulinkFunctions" uuid="eef38cd8-02c0-4da6-a3ce-8ba39797351a">
      <compServicePortMap>AAFJTQAAAAAOAAAAMAAAAAYAAAAIAAAABgAAAAAAAAAFAAAACAAAAAAAAAAAAAAAAQAAAAAAAAAJAAAAAAAAAA==</compServicePortMap>
      <compSimulinkFunctionCatalog></compSimulinkFunctionCatalog>
      <variantSimulinkFunctions type="ModelRefInfoRepo.VariantSimulinkFunctions" uuid="02fe34b6-e745-4bd5-927b-2f74b9009c89"/>
    </simulinkFunctions>
    <stateWriterToOwnerMap type="ModelRefInfoRepo.StateWriterInfo" uuid="fc1d0b68-a69c-442e-b70a-87f7204bd2da"/>
  </ModelRefInfoRepo.ModelRefInfoRoot>
</MF0>